Name,Class,Level
Aktadig,Rogue,60
Ambertørd,Warrior,60
Assblasterx,Shaman,60
Assblasterz,Shaman,60
Azonge,Druid,60
Baldshok,Hunter,60
Beasty,Shaman,60
Benjilol,Druid,60
Benjix,Druid,60
Betzy,Rogue,60
Boxingpriesd,Priest,60
Boxingpriest,Priest,60
Brzkr,Hunter,60
Buffequalizr,Rogue,60
Bullmilk,Hunter,60
Bullyhunter,Hunter,60
Cheesos,Hunter,60
Dalal,Warrior,60
Dego,Druid,60
Dippzy,Shaman,60
Disperata,Priest,60
Dnilbton,Druid,60
Drusticx,Shaman,60
Dudushok,Druid,60
Dugmon,Warlock,60
Dumbox,Shaman,60
Dwágón,Warrior,60
Elefant,Shaman,60
Elpollolocø,Druid,60
Erniaad,Druid,60
Erniaadd,Druid,60
Erniaaxd,Druid,60
Fentanylod,Priest,60
Flamedemon,Mage,60
Foolio,Shaman,60
Gatococ,Druid,60
Heatherz,Mage,60
Heligdps,Warrior,60
Hotniaa,Druid,60
Høvx,Rogue,60
Iifelover,Priest,60
Ishootarrowz,Hunter,60
Jellybell,Mage,60
Jermanza,Rogue,60
Jermanzaa,Mage,60
Johnnyburger,Shaman,60
Jonnyburger,Shaman,60
Jonnyburgér,Druid,60
Juggalog,Shaman,60
Karthakxo,Shaman,60
Kekshaman,Shaman,60
Kirindog,Shaman,60
Kirindogx,Shaman,60
Kirinx,Rogue,60
Littlesmith,Warrior,60
Lodie,Warrior,60
Loket,Warrior,60
Loketqt,Warrior,60
Loketwl,Warlock,60
Loketwlwl,Warlock,60
Makh,Priest,60
Maykarn,Warrior,60
Moopurgekekw,Shaman,60
Moorcedes,Druid,60
Nikaido,Priest,60
Nkumagee,Mage,60
Nodots,Priest,60
Nogzina,Warrior,60
Notblind,Warrior,60
Notblindd,Warrior,60
Nubette,Mage,60
Nubyy,Shaman,60
Nuuku,Warrior,60
Paciprinçess,Shaman,60
Phwahahahaha,Hunter,60
Pogey,Priest,60
Pojey,Rogue,60
Prdeksham,Shaman,60
Pápadog,Druid,60
Randy,Shaman,60
Rjc,Rogue,60
Rudeboy,Rogue,60
Ruru,Hunter,60
Sageata,Hunter,60
Sambamamba,Shaman,60
Selamon,Shaman,60
Selatin,Shaman,60
Selatinjr,Shaman,60
Sellazug,Warrior,60
Shokat,Rogue,60
Shokata,Rogue,60
Shotgodx,Hunter,60
Sláven,Rogue,60
Stinzosfive,Hunter,60
Stinzosjrjr,Hunter,60
Syraxxd,Mage,60
Syraxxdog,Mage,60
Techmoo,Druid,60
Thck,Warrior,60
Thickc,Druid,60